file,title,author,license,source,notes
models/zombie_a.glb,Zombie,Quaternius,CC0-1.0,https://poly.pizza/m/VlXjG0N8Eg,anims=Crawl/Death/HitReact/Idle/Idle_Attack/Jump/Jump_Idle/Jump_Land/No/Punch/Run/Run_Arms/Walk/Wave/Yes/Run_Attack/Crawl/Death/HitReact/Idle/Idle_Attack/Jump/Jump_Idle/Jump_Land/No/Punch/Run/Run_Arms/Run_Attack/Walk/Wave/Yes
models/zombie_b.glb,Zombie,Quaternius,CC0-1.0,https://poly.pizza/m/JoBvxIUpZP,anims=Attack/Death/HitRecieve/Idle/Jump/Run/Walk
models/wolf_a.glb,Wolf,Quaternius,CC0-1.0,https://poly.pizza/m/XU7oNeKShV,anims=Death/Headbutt/Idle/Idle_Eating/Jump_Loop/Jump_Start/Run/Walk
models/wolf_b.glb,Wolf,Quaternius,CC0-1.0,https://poly.pizza/m/P1gU3Qkr9r,anims=Attack/Death/Eating/Gallop/Gallop_Jump/Idle_HitReact_Left/Idle_HitReact_Right/Jump_ToIdle/Walk/Idle_2_HeadLow/Idle_2/Idle/Attack/Death/Eating/Gallop/Gallop_Jump/Idle/Idle_2/Idle_2_HeadLow/Idle_HitReact_Left/Idle_HitReact_Right/Jump_ToIdle/Walk
models/pistol.glb,Pistol,Quaternius,CC0-1.0,https://poly.pizza/m/52kQzphmeF,anims=
models/revolver.glb,Revolver,Quaternius,CC0-1.0,https://poly.pizza/m/9C26wSpMS0,anims=
models/smg.glb,Submachine Gun,Quaternius,CC0-1.0,https://poly.pizza/m/7ehatxr7FY,anims=
models/smg_b.glb,Smg,Quaternius,CC0-1.0,https://poly.pizza/m/HIlxGx1pPH,anims=
models/rifle.glb,Assault Rifle,Quaternius,CC0-1.0,https://poly.pizza/m/K2lXTYFSLC,anims=
models/rifle_b.glb,Assault Rifle,Quaternius,CC0-1.0,https://poly.pizza/m/Bgvuu4CUMV,anims=
models/shotgun.glb,Shotgun,Quaternius,CC0-1.0,https://poly.pizza/m/DcNE0HVdW8,anims=
models/shotgun_sawed.glb,Shotgun Sawed Off,Quaternius,CC0-1.0,https://poly.pizza/m/29FXKu7G91,anims=
models/shotgun_short.glb,Shotgun Short Stock,Quaternius,CC0-1.0,https://poly.pizza/m/MHv3uOV6ja,anims=
models/sniper.glb,Sniper Rifle,Quaternius,CC0-1.0,https://poly.pizza/m/ASOMZIErq3,anims=
models/launcher.glb,Rocket Launcher,Quaternius,CC0-1.0,https://poly.pizza/m/GCqUvqleqN,anims=
models/scifi_rifle.glb,Scifi Assault Rifle,Quaternius,CC0-1.0,https://poly.pizza/m/JqdHbURERk,anims=
models/scifi_smg.glb,Scifi Smg,Quaternius,CC0-1.0,https://poly.pizza/m/NHYaHnTNIM,anims=
models/scifi_sniper.glb,Scifi Sniper,Quaternius,CC0-1.0,https://poly.pizza/m/46615JyFm7,anims=
models/flare_gun.glb,Flare Gun,Quaternius,CC0-1.0,https://poly.pizza/m/44H9OBUqTC,anims=
models/grenade.glb,Frag Grenade West,Pichuliru,CC0-1.0,https://poly.pizza/m/1aIZys4mhg,anims=
models/landmine.glb,Landmine,Quaternius,CC0-1.0,https://poly.pizza/m/PtqkseZo9O,anims=
models/axe.glb,Axe,Quaternius,CC0-1.0,https://poly.pizza/m/FkzZ6I1zjT,anims=
models/soldier.glb,Character Soldier,Quaternius,CC0-1.0,https://poly.pizza/m/PpLF4rt4ah,anims=Death/Duck/HitReact/Idle/Idle_Shoot/Jump/Jump_Idle/Jump_Land/No/Punch/Run/Run_Gun/Wave/Yes
models/swat.glb,SWAT,Quaternius,CC0-1.0,https://poly.pizza/m/Btfn3G5Xv4,anims=Death/Gun_Shoot/HitRecieve/HitRecieve_2/Idle/Idle_Gun/Idle_Gun_Pointing/Idle_Gun_Shoot/Idle_Neutral/Idle_Sword/Interact/Kick_Left/Kick_Right/Punch_Left/Punch_Right/Roll/Run/Run_Back/Run_Left/Run_Right/Run_Shoot/Sword_Slash/Walk/Wave
models/human.glb,Animated Human,Quaternius,CC0-1.0,https://poly.pizza/m/c3Ibh9I3udk,anims=ArmatureAction.002/Death/Idle/Jump/Punch/Run/Walk/Working
models/skeleton.glb,Skeleton,Quaternius,CC0-1.0,https://poly.pizza/m/DM4QScSmbS,anims=Attack/Death/HitRecieve/Idle/Jump/Run/Walk
textures/carpet_color.jpg,Carpet016,ambientCG (Lennart Demes),CC0-1.0,https://ambientcg.com/view?id=Carpet016,resized to 512px
textures/carpet_normal.jpg,Carpet016,ambientCG (Lennart Demes),CC0-1.0,https://ambientcg.com/view?id=Carpet016,resized to 512px
textures/carpet_rough.jpg,Carpet016,ambientCG (Lennart Demes),CC0-1.0,https://ambientcg.com/view?id=Carpet016,resized to 512px
textures/wallpaper_color.jpg,Wallpaper001A,ambientCG (Lennart Demes),CC0-1.0,https://ambientcg.com/view?id=Wallpaper001A,resized to 512px
textures/wallpaper_normal.jpg,Wallpaper001A,ambientCG (Lennart Demes),CC0-1.0,https://ambientcg.com/view?id=Wallpaper001A,resized to 512px
textures/wallpaper_rough.jpg,Wallpaper001A,ambientCG (Lennart Demes),CC0-1.0,https://ambientcg.com/view?id=Wallpaper001A,resized to 512px
textures/plaster_color.jpg,Plaster001,ambientCG (Lennart Demes),CC0-1.0,https://ambientcg.com/view?id=Plaster001,resized to 512px
textures/plaster_normal.jpg,Plaster001,ambientCG (Lennart Demes),CC0-1.0,https://ambientcg.com/view?id=Plaster001,resized to 512px
textures/plaster_rough.jpg,Plaster001,ambientCG (Lennart Demes),CC0-1.0,https://ambientcg.com/view?id=Plaster001,resized to 512px
textures/bricks_color.jpg,Bricks075A,ambientCG (Lennart Demes),CC0-1.0,https://ambientcg.com/view?id=Bricks075A,resized to 512px
textures/bricks_normal.jpg,Bricks075A,ambientCG (Lennart Demes),CC0-1.0,https://ambientcg.com/view?id=Bricks075A,resized to 512px
textures/bricks_rough.jpg,Bricks075A,ambientCG (Lennart Demes),CC0-1.0,https://ambientcg.com/view?id=Bricks075A,resized to 512px
textures/woodfloor_color.jpg,WoodFloor051,ambientCG (Lennart Demes),CC0-1.0,https://ambientcg.com/view?id=WoodFloor051,resized to 512px
textures/woodfloor_normal.jpg,WoodFloor051,ambientCG (Lennart Demes),CC0-1.0,https://ambientcg.com/view?id=WoodFloor051,resized to 512px
textures/woodfloor_rough.jpg,WoodFloor051,ambientCG (Lennart Demes),CC0-1.0,https://ambientcg.com/view?id=WoodFloor051,resized to 512px
textures/velvet_color.jpg,Fabric026,ambientCG (Lennart Demes),CC0-1.0,https://ambientcg.com/view?id=Fabric026,resized to 512px
textures/velvet_normal.jpg,Fabric026,ambientCG (Lennart Demes),CC0-1.0,https://ambientcg.com/view?id=Fabric026,resized to 512px
textures/velvet_rough.jpg,Fabric026,ambientCG (Lennart Demes),CC0-1.0,https://ambientcg.com/view?id=Fabric026,resized to 512px
textures/concrete_color.jpg,Concrete034,ambientCG (Lennart Demes),CC0-1.0,https://ambientcg.com/view?id=Concrete034,resized to 512px
textures/concrete_normal.jpg,Concrete034,ambientCG (Lennart Demes),CC0-1.0,https://ambientcg.com/view?id=Concrete034,resized to 512px
textures/concrete_rough.jpg,Concrete034,ambientCG (Lennart Demes),CC0-1.0,https://ambientcg.com/view?id=Concrete034,resized to 512px
textures/asphalt_color.jpg,Asphalt031,ambientCG (Lennart Demes),CC0-1.0,https://ambientcg.com/view?id=Asphalt031,resized to 512px
textures/asphalt_normal.jpg,Asphalt031,ambientCG (Lennart Demes),CC0-1.0,https://ambientcg.com/view?id=Asphalt031,resized to 512px
textures/asphalt_rough.jpg,Asphalt031,ambientCG (Lennart Demes),CC0-1.0,https://ambientcg.com/view?id=Asphalt031,resized to 512px
textures/paintedwood_color.jpg,PaintedWood007C,ambientCG (Lennart Demes),CC0-1.0,https://ambientcg.com/view?id=PaintedWood007C,resized to 512px
textures/paintedwood_normal.jpg,PaintedWood007C,ambientCG (Lennart Demes),CC0-1.0,https://ambientcg.com/view?id=PaintedWood007C,resized to 512px
textures/paintedwood_rough.jpg,PaintedWood007C,ambientCG (Lennart Demes),CC0-1.0,https://ambientcg.com/view?id=PaintedWood007C,resized to 512px
textures/metal_color.jpg,Metal049A,ambientCG (Lennart Demes),CC0-1.0,https://ambientcg.com/view?id=Metal049A,resized to 512px
textures/metal_normal.jpg,Metal049A,ambientCG (Lennart Demes),CC0-1.0,https://ambientcg.com/view?id=Metal049A,resized to 512px
textures/metal_rough.jpg,Metal049A,ambientCG (Lennart Demes),CC0-1.0,https://ambientcg.com/view?id=Metal049A,resized to 512px
textures/planks_color.jpg,Planks037A,ambientCG (Lennart Demes),CC0-1.0,https://ambientcg.com/view?id=Planks037A,resized to 512px
textures/planks_normal.jpg,Planks037A,ambientCG (Lennart Demes),CC0-1.0,https://ambientcg.com/view?id=Planks037A,resized to 512px
textures/planks_rough.jpg,Planks037A,ambientCG (Lennart Demes),CC0-1.0,https://ambientcg.com/view?id=Planks037A,resized to 512px
textures/tiles_color.jpg,Tiles074,ambientCG (Lennart Demes),CC0-1.0,https://ambientcg.com/view?id=Tiles074,resized to 512px
textures/tiles_normal.jpg,Tiles074,ambientCG (Lennart Demes),CC0-1.0,https://ambientcg.com/view?id=Tiles074,resized to 512px
textures/tiles_rough.jpg,Tiles074,ambientCG (Lennart Demes),CC0-1.0,https://ambientcg.com/view?id=Tiles074,resized to 512px
audio/voice/*.ogg,Announcer placeholder lines (tools/make_voices.py),Generated with Piper TTS (voice en_US-ryan-high),"own work, CC0 dedication (placeholder TTS, to be replaced by own recordings)",https://github.com/rhasspy/piper,"no cloning, no retail audio"
