key,line,direction
round_1,Round one.,"Old cinema announcer: theatrical, slow, slightly ominous"
round_2,Round two.,"Old cinema announcer: theatrical, slow, slightly ominous"
round_3,Round three.,"Old cinema announcer: theatrical, slow, slightly ominous"
round_4,Round four.,"Old cinema announcer: theatrical, slow, slightly ominous"
round_5,Round five.,"Old cinema announcer: theatrical, slow, slightly ominous"
round_6,Round six.,"Old cinema announcer: theatrical, slow, slightly ominous"
round_7,Round seven.,"Old cinema announcer: theatrical, slow, slightly ominous"
round_8,Round eight.,"Old cinema announcer: theatrical, slow, slightly ominous"
round_9,Round nine.,"Old cinema announcer: theatrical, slow, slightly ominous"
round_10,Round ten. They will not stop.,"Old cinema announcer: theatrical, slow, slightly ominous"
hounds,Release the hounds!,"Old cinema announcer: theatrical, slow, slightly ominous"
power_on,The power is on. The show goes on.,"Old cinema announcer: theatrical, slow, slightly ominous"
game_over,The show is over.,"Old cinema announcer: theatrical, slow, slightly ominous"
pu_blackout,Blackout!,"Old cinema announcer: theatrical, slow, slightly ominous"
pu_onehit,One hit!,"Old cinema announcer: theatrical, slow, slightly ominous"
pu_double,Double cash!,"Old cinema announcer: theatrical, slow, slightly ominous"
pu_supply,Full supply!,"Old cinema announcer: theatrical, slow, slightly ominous"
pu_rebuild,Rebuild!,"Old cinema announcer: theatrical, slow, slightly ominous"
pu_clearance,Clearance sale!,"Old cinema announcer: theatrical, slow, slightly ominous"
